id,first_name,last_name,email,gender,ip_address
1,Kev,Osmar,kosmar0@bing.com,Male,222.98.106.10
2,Karee,Fakes,kfakes1@freewebs.com,Female,8.252.46.118
3,Gabbie,Yashin,gyashin2@facebook.com,Male,101.10.147.88
4,Lonny,Cordoba,lcordoba3@pinterest.com,Male,207.138.29.23
5,Mildred,Dunbabin,mdunbabin4@bloglines.com,Female,47.73.32.175
6,Hilary,Aylin,haylin5@gnu.org,Male,146.110.145.255
7,Ollie,March,omarch6@t-online.de,Genderfluid,71.54.46.250
8,Velvet,Goldson,vgoldson7@cam.ac.uk,Female,79.27.143.115
9,Dottie,Burkman,dburkman8@last.fm,Female,49.135.100.207
10,Perl,Binning,pbinning9@meetup.com,Female,150.99.232.71
11,Paige,Vigrass,pvigrassa@bing.com,Female,190.32.100.97
12,Magda,McCutcheon,mmccutcheonb@nasa.gov,Genderfluid,206.201.181.238
13,Paton,Jeanel,pjeanelc@deliciousdays.com,Male,186.142.68.229
14,Moshe,Lynas,mlynasd@bluehost.com,Male,61.192.157.16
15,Sara-ann,Faire,sfairee@ucsd.edu,Female,59.193.242.218
16,Maurits,de Clerk,mdeclerkf@go.com,Male,156.100.137.123
17,Maegan,Jochanany,mjochananyg@booking.com,Female,183.126.249.191
18,Raddie,Cordero,rcorderoh@wikispaces.com,Male,152.222.4.164
19,Loralyn,Odom,lodomi@examiner.com,Female,2.251.227.18
20,Floyd,Merring,fmerringj@blogs.com,Polygender,154.180.171.25
21,Barny,Heddy,bheddyk@free.fr,Male,114.155.23.209
22,Cyrille,Nowill,cnowilll@jimdo.com,Male,86.151.16.193
23,Emilie,Bafford,ebaffordm@reuters.com,Female,160.28.104.103
24,Tripp,Cringle,tcringlen@dropbox.com,Male,212.86.206.149
25,Mayor,Creek,mcreeko@nifty.com,Male,70.64.232.161
26,Fredrick,Sancto,fsanctop@arizona.edu,Genderqueer,203.73.150.62
27,Correna,Enderwick,cenderwickq@salon.com,Female,161.229.46.122
28,Aimee,Twoohy,atwoohyr@printfriendly.com,Female,206.39.172.188
29,Rayner,Labitt,rlabitts@blogger.com,Male,240.53.186.167
30,Lucho,Jeckell,ljeckellt@businessweek.com,Male,53.61.89.53
31,Darda,Leile,dleileu@adobe.com,Female,192.156.206.121
32,Eldredge,Matskiv,ematskivv@free.fr,Male,122.195.159.209
33,Tiffy,Loynes,tloynesw@goo.gl,Female,30.118.33.93
34,Filmer,Woolham,fwoolhamx@java.com,Non-binary,236.90.233.219
35,Philly,Van De Cappelle,pvandecappelley@uiuc.edu,Genderfluid,239.226.136.242
36,Jilleen,Newbatt,jnewbattz@skyrock.com,Female,60.29.121.153
37,Kelley,Skidmore,kskidmore10@flickr.com,Non-binary,240.205.122.43
38,Celinka,Hardan,chardan11@mapquest.com,Female,26.109.152.212
39,Creighton,Durrant,cdurrant12@discuz.net,Male,158.94.214.96
40,Kerstin,Halfhead,khalfhead13@unesco.org,Female,81.121.203.97
41,Nelson,Izon,nizon14@aol.com,Male,116.48.177.43
42,Peterus,Smye,psmye15@gov.uk,Male,199.177.11.238
43,Susie,Toyne,stoyne16@w3.org,Female,222.9.160.236
44,Ciel,Febvre,cfebvre17@imdb.com,Female,77.69.15.60
45,Coralie,Silbersak,csilbersak18@java.com,Female,149.231.36.33
46,Annis,Greensite,agreensite19@hatena.ne.jp,Female,178.57.185.230
47,Myron,Gorner,mgorner1a@tumblr.com,Male,27.160.198.249
48,Dorey,Maunsell,dmaunsell1b@vk.com,Male,120.213.229.174
49,Ekaterina,Eakle,eeakle1c@apple.com,Female,10.35.65.53
50,Dion,Spriggen,dspriggen1d@loc.gov,Female,127.192.225.136
51,Ardelle,Roderick,aroderick1e@g.co,Female,181.164.195.211
52,Darnall,Chasle,dchasle1f@devhub.com,Male,178.236.243.61
53,Talyah,Thompkins,tthompkins1g@newsvine.com,Female,16.236.236.205
54,Belle,Cardoe,bcardoe1h@answers.com,Non-binary,171.27.113.229
55,Marchall,Cubbini,mcubbini1i@adobe.com,Male,221.137.68.215
56,Marisa,Bachura,mbachura1j@typepad.com,Female,160.228.122.202
57,Massimiliano,Alastair,malastair1k@indiegogo.com,Agender,128.141.254.23
58,Samara,Cellone,scellone1l@cyberchimps.com,Female,132.209.194.244
59,Orella,Pearch,opearch1m@surveymonkey.com,Female,118.38.60.210
60,Hillier,Souter,hsouter1n@mashable.com,Male,187.21.11.212
61,Amanda,Moncreiffe,amoncreiffe1o@nature.com,Female,143.215.80.62
62,Danna,Chenery,dchenery1p@imdb.com,Female,175.175.29.188
63,Buffy,Fylan,bfylan1q@symantec.com,Female,40.78.212.194
64,Vikki,Klasen,vklasen1r@shutterfly.com,Female,210.172.174.234
65,Jay,Pestell,jpestell1s@livejournal.com,Male,219.98.56.66
66,Trace,Taillant,ttaillant1t@wisc.edu,Non-binary,102.118.111.249
67,Shae,Lalonde,slalonde1u@t.co,Female,208.216.84.50
68,Liam,Findley,lfindley1v@360.cn,Male,166.9.201.64
69,Porty,Dunbar,pdunbar1w@timesonline.co.uk,Male,53.42.93.202
70,King,Solomonides,ksolomonides1x@list-manage.com,Male,231.220.213.126
71,Oberon,Lapthorne,olapthorne1y@pcworld.com,Male,169.30.70.64
72,Nigel,Snugg,nsnugg1z@aboutads.info,Male,173.21.30.18
73,Sauveur,Saunt,ssaunt20@hp.com,Genderqueer,147.55.191.190
74,Sybilla,Ryrie,sryrie21@go.com,Female,77.151.136.220
75,Granthem,Klisch,gklisch22@answers.com,Male,77.53.102.117
76,Lauren,Smalridge,lsmalridge23@dedecms.com,Female,61.210.217.192
77,Sauncho,Shutle,sshutle24@histats.com,Male,96.241.191.63
78,Aimee,Cossons,acossons25@reuters.com,Female,127.216.181.38
79,Sarge,Umbers,sumbers26@harvard.edu,Male,171.244.127.237
80,Lori,Cluitt,lcluitt27@google.ru,Female,50.49.84.9
81,Saunders,Scrivin,sscrivin28@phpbb.com,Male,141.3.152.65
82,Hugo,Skill,hskill29@cmu.edu,Male,122.6.107.64
83,Tabor,Roo,troo2a@eventbrite.com,Male,94.190.97.37
84,Crista,Helkin,chelkin2b@yahoo.com,Female,165.6.47.64
85,Katrinka,Elia,kelia2c@purevolume.com,Female,235.200.139.156
86,See,Kenewel,skenewel2d@wikia.com,Male,242.239.128.248
87,Antonio,Joist,ajoist2e@360.cn,Bigender,58.57.191.227
88,Nikaniki,Chevins,nchevins2f@pinterest.com,Female,4.28.43.89
89,Kally,McKennan,kmckennan2g@typepad.com,Female,38.81.171.156
90,Terrance,McLeese,tmcleese2h@com.com,Male,200.201.251.57
91,Rowena,Soldan,rsoldan2i@imgur.com,Polygender,171.243.148.252
92,Franni,Vecard,fvecard2j@theatlantic.com,Female,60.121.168.203
93,Deonne,Nursey,dnursey2k@livejournal.com,Female,97.28.46.172
94,Osborne,Hackwell,ohackwell2l@techcrunch.com,Male,15.51.240.129
95,Vassily,Benninger,vbenninger2m@wufoo.com,Male,53.73.249.129
96,Audrye,Axton,aaxton2n@bloglines.com,Female,173.103.126.212
97,Flinn,Claessens,fclaessens2o@amazonaws.com,Male,42.145.3.116
98,Taite,Sibbson,tsibbson2p@free.fr,Male,41.137.226.129
99,Verine,Camilletti,vcamilletti2q@ow.ly,Female,3.91.105.219
100,Hasheem,Layman,hlayman2r@java.com,Male,213.137.170.35
101,Roderic,Zamudio,rzamudio2s@etsy.com,Polygender,249.224.50.41
102,Maxi,Candy,mcandy2t@wsj.com,Female,26.26.44.115
103,Cecile,Gillow,cgillow2u@exblog.jp,Female,51.239.220.220
104,Reamonn,Yuryatin,ryuryatin2v@independent.co.uk,Male,160.124.176.125
105,Phylis,Adkins,padkins2w@usgs.gov,Female,122.142.114.151
106,Eberto,Bolwell,ebolwell2x@nps.gov,Male,16.111.160.139
107,Cindi,Itzak,citzak2y@usnews.com,Female,201.22.151.103
108,Enriqueta,Khosa,ekhosa2z@arstechnica.com,Female,40.23.111.220
109,Kory,Chippendale,kchippendale30@meetup.com,Male,198.9.245.111
110,Juliann,Sperrett,jsperrett31@nature.com,Female,118.47.90.68
111,Domingo,Bockin,dbockin32@china.com.cn,Male,33.8.5.18
112,Ariana,Olorenshaw,aolorenshaw33@gmpg.org,Female,43.135.85.204
113,Mildred,Wakenshaw,mwakenshaw34@123-reg.co.uk,Female,8.171.171.254
114,Rhett,Marrable,rmarrable35@squidoo.com,Male,204.235.76.30
115,Kiley,Jahnig,kjahnig36@bing.com,Female,1.245.98.75
116,Darsey,Leel,dleel37@tamu.edu,Female,240.198.168.234
117,Alicia,Vernazza,avernazza38@weibo.com,Female,138.35.185.27
118,Shauna,Small,ssmall39@angelfire.com,Female,156.71.116.59
119,Aveline,Archbell,aarchbell3a@elpais.com,Female,217.135.30.210
120,Cynthie,Bettison,cbettison3b@networksolutions.com,Female,179.116.73.164
121,Tillie,Shouler,tshouler3c@slate.com,Female,160.175.108.73
122,Ximenes,Graine,xgraine3d@wix.com,Male,0.75.242.170
123,Roanne,Fancourt,rfancourt3e@chron.com,Female,64.77.147.160
124,Alvira,Spillman,aspillman3f@wikimedia.org,Female,202.46.252.71
125,Gussie,Ranald,granald3g@google.com.br,Female,179.134.163.98
126,Daniella,Wyley,dwyley3h@cafepress.com,Female,61.212.143.203
127,Valentino,Ivanets,vivanets3i@i2i.jp,Male,208.2.202.81
128,Enid,Malpas,emalpas3j@eventbrite.com,Polygender,38.225.247.236
129,Allie,Digger,adigger3k@weather.com,Male,236.36.113.35
130,Haze,Ive,hive3l@naver.com,Male,56.163.49.183
131,Anni,Cuthbert,acuthbert3m@bizjournals.com,Female,215.232.244.63
132,Fraser,Hennemann,fhennemann3n@histats.com,Male,96.158.1.212
133,Amelie,Battram,abattram3o@technorati.com,Female,152.195.141.217
134,Riobard,Hebble,rhebble3p@oaic.gov.au,Male,169.45.196.171
135,Holt,Browncey,hbrowncey3q@naver.com,Agender,17.38.37.190
136,Ardisj,MacIlraith,amacilraith3r@salon.com,Female,172.155.162.120
137,Georgeanne,Pothecary,gpothecary3s@imdb.com,Female,8.95.181.154
138,Dani,L'Hommeau,dlhommeau3t@ucoz.com,Male,101.232.71.180
139,Zena,Ealden,zealden3u@ehow.com,Female,211.88.18.14
140,Kris,McGahey,kmcgahey3v@topsy.com,Male,244.137.144.154
141,Pammi,Worham,pworham3w@tuttocitta.it,Female,52.218.78.124
142,Dorise,Brokenshire,dbrokenshire3x@dmoz.org,Female,76.141.216.122
143,Huntington,Fransemai,hfransemai3y@go.com,Male,79.5.54.130
144,Wandie,Ashborn,washborn3z@gravatar.com,Female,202.211.235.8
145,Abie,Jayne,ajayne40@cocolog-nifty.com,Male,212.249.4.31
146,Tansy,Emlen,temlen41@latimes.com,Female,149.180.175.207
147,Lilias,Habbeshaw,lhabbeshaw42@tamu.edu,Female,160.140.38.8
148,Nikolaus,Furmston,nfurmston43@google.es,Male,239.186.44.252
149,Levon,Spinella,lspinella44@ycombinator.com,Male,93.92.23.49
150,Cathie,Maleney,cmaleney45@bloglines.com,Female,164.167.56.213
151,Griselda,Bowller,gbowller46@npr.org,Female,252.165.88.9
152,Chickie,Cassella,ccassella47@constantcontact.com,Male,248.50.254.53
153,Fletcher,Pettko,fpettko48@bbc.co.uk,Male,75.115.42.238
154,Ivan,Monelli,imonelli49@prlog.org,Male,116.204.103.232
155,Joey,Icom,jicom4a@dagondesign.com,Female,156.156.35.115
156,Lelia,Juszkiewicz,ljuszkiewicz4b@wikipedia.org,Female,99.48.60.112
157,Pembroke,Wreight,pwreight4c@dot.gov,Male,50.78.127.60
158,Burty,Duignan,bduignan4d@ed.gov,Male,199.233.146.144
159,Sascha,Bryning,sbryning4e@phoca.cz,Female,26.12.190.165
160,Solly,Cosham,scosham4f@guardian.co.uk,Male,117.91.228.179
161,Sarina,Butler-Bowdon,sbutlerbowdon4g@behance.net,Bigender,23.60.165.255
162,Imogene,Scroggie,iscroggie4h@mail.ru,Female,54.204.6.176
163,Cordey,Ginnally,cginnally4i@taobao.com,Female,198.29.60.76
164,Cosetta,Ochiltree,cochiltree4j@prweb.com,Female,112.216.189.115
165,Gaultiero,Wilce,gwilce4k@chicagotribune.com,Genderqueer,23.72.166.248
166,Byron,Matashkin,bmatashkin4l@examiner.com,Male,56.164.193.42
167,Saxe,Garford,sgarford4m@hexun.com,Male,12.249.227.6
168,Amery,Clamo,aclamo4n@tinypic.com,Male,223.169.127.107
169,Elsy,Withur,ewithur4o@boston.com,Female,92.240.154.97
170,Bettye,Tudge,btudge4p@prnewswire.com,Polygender,242.126.242.74
171,Constantin,Mossbee,cmossbee4q@angelfire.com,Male,117.20.125.67
172,Brook,Muat,bmuat4r@etsy.com,Male,21.135.65.110
173,Analiese,Valencia,avalencia4s@prnewswire.com,Female,146.87.173.117
174,Celie,Hechlin,chechlin4t@flickr.com,Female,105.30.204.222
175,Douglass,Bourton,dbourton4u@illinois.edu,Male,100.47.20.107
176,Laurence,Dahle,ldahle4v@mashable.com,Male,110.227.52.55
177,Donielle,Salterne,dsalterne4w@webnode.com,Non-binary,205.183.77.44
178,Elbertine,Pecey,epecey4x@is.gd,Female,184.27.163.74
179,Wilbur,Woolmer,wwoolmer4y@woothemes.com,Male,93.44.115.148
180,Johny,Chesworth,jchesworth4z@bbc.co.uk,Male,47.112.48.139
181,Sonny,Botly,sbotly50@people.com.cn,Female,26.251.241.110
182,Maud,Inchboard,minchboard51@nyu.edu,Female,65.103.62.34
183,Ricca,Roose,rroose52@redcross.org,Female,7.2.240.239
184,Vernor,Gravet,vgravet53@histats.com,Male,237.212.72.117
185,Janos,Powis,jpowis54@studiopress.com,Male,137.57.156.186
186,Rolf,Abramamovh,rabramamovh55@cyberchimps.com,Male,39.237.124.128
187,Bat,Bertie,bbertie56@slideshare.net,Male,223.221.120.23
188,Mignon,Carnell,mcarnell57@angelfire.com,Female,181.127.141.225
189,Jayne,Rowen,jrowen58@hao123.com,Female,200.87.219.40
190,Osborne,McAmish,omcamish59@biglobe.ne.jp,Male,79.226.42.82
191,Cassondra,Wisbey,cwisbey5a@icq.com,Female,163.108.61.70
192,Eveleen,Cattrall,ecattrall5b@java.com,Female,130.137.102.107
193,Wilhelm,Snarie,wsnarie5c@icq.com,Male,207.182.225.189
194,Helen,Dwerryhouse,hdwerryhouse5d@e-recht24.de,Female,148.203.61.97
195,Lee,Heaney`,lheaney5e@auda.org.au,Genderfluid,207.62.7.47
196,Eleen,Wellbank,ewellbank5f@rambler.ru,Genderfluid,136.212.35.227
197,Star,Ucceli,succeli5g@sakura.ne.jp,Female,27.57.251.71
198,Olin,Berrington,oberrington5h@devhub.com,Male,216.139.128.65
199,Fonsie,Schermick,fschermick5i@nature.com,Male,150.209.85.163
200,Sidnee,Kohrs,skohrs5j@squidoo.com,Male,151.231.58.0
201,Angelico,Sheridan,asheridan5k@t-online.de,Male,123.5.33.16
202,Bevon,Lowdham,blowdham5l@deliciousdays.com,Male,20.148.85.216
203,Grissel,Ruffles,gruffles5m@prweb.com,Female,126.85.90.224
204,Case,Mattiessen,cmattiessen5n@jugem.jp,Male,61.32.132.162
205,Hermina,Horsey,hhorsey5o@odnoklassniki.ru,Female,152.14.239.148
206,Vachel,Mallender,vmallender5p@bing.com,Male,186.242.250.69
207,Paten,Novakovic,pnovakovic5q@com.com,Male,198.7.240.30
208,Nixie,Saxton,nsaxton5r@geocities.jp,Female,169.108.63.47
209,Danika,Durrad,ddurrad5s@sitemeter.com,Female,48.74.42.3
210,Washington,Hobble,whobble5t@artisteer.com,Male,137.235.246.93
211,Anetta,Coneley,aconeley5u@ameblo.jp,Female,118.147.116.246
212,Margarete,Casado,mcasado5v@ezinearticles.com,Female,241.199.106.249
213,Burt,Dorie,bdorie5w@flickr.com,Male,39.92.181.111
214,Jackqueline,Clapison,jclapison5x@mediafire.com,Polygender,63.203.191.189
215,Sonnnie,Jovanovic,sjovanovic5y@biblegateway.com,Female,23.198.73.60
216,Pip,Willes,pwilles5z@craigslist.org,Male,56.121.254.182
217,Trix,Goward,tgoward60@vistaprint.com,Female,9.199.136.201
218,Michelina,Fellgett,mfellgett61@ycombinator.com,Female,178.15.79.125
219,Trstram,La Vigne,tlavigne62@webeden.co.uk,Male,11.2.240.151
220,Hally,Laviss,hlaviss63@addtoany.com,Female,116.224.25.170
221,Redford,Allnatt,rallnatt64@squidoo.com,Male,43.187.235.72
222,Dionysus,Pywell,dpywell65@ft.com,Male,17.249.15.46
223,Syman,Pittendreigh,spittendreigh66@thetimes.co.uk,Male,16.57.142.226
224,Jodie,Bevis,jbevis67@psu.edu,Female,46.108.205.128
225,Gabriellia,Coppeard,gcoppeard68@163.com,Female,78.108.136.83
226,Gage,Craw,gcraw69@mayoclinic.com,Male,66.253.119.174
227,Leoine,Treasure,ltreasure6a@bbc.co.uk,Female,193.76.25.17
228,Iolanthe,Prince,iprince6b@msn.com,Female,101.76.67.99
229,Doll,Edgeller,dedgeller6c@theatlantic.com,Female,254.42.214.12
230,Earl,Tuckwood,etuckwood6d@tripadvisor.com,Male,1.28.101.178
231,Jeramey,Gateley,jgateley6e@omniture.com,Male,222.26.9.61
232,Dante,Bifield,dbifield6f@acquirethisname.com,Male,166.19.145.9
233,Katherine,Reddle,kreddle6g@livejournal.com,Bigender,233.81.13.200
234,Imogen,Greir,igreir6h@sourceforge.net,Female,86.46.141.35
235,Cara,Gagen,cgagen6i@sciencedirect.com,Female,119.37.148.70
236,Trish,Pilcher,tpilcher6j@dedecms.com,Female,193.117.205.81
237,Odey,Christofides,ochristofides6k@admin.ch,Male,25.26.44.58
238,Cordula,Albury,calbury6l@homestead.com,Female,141.187.6.55
239,Milly,MacTrustrie,mmactrustrie6m@delicious.com,Genderfluid,195.6.238.115
240,Emerson,Tibalt,etibalt6n@businessinsider.com,Male,249.164.54.214
241,Link,Kinnier,lkinnier6o@wordpress.org,Male,233.117.79.33
242,Jerrome,Mellish,jmellish6p@ifeng.com,Male,111.218.215.250
243,Janna,Fearfull,jfearfull6q@about.me,Female,216.27.120.74
244,Temp,Bonifant,tbonifant6r@dell.com,Male,58.141.9.80
245,Alonso,Barnaclough,abarnaclough6s@miibeian.gov.cn,Male,84.178.93.148
246,Emilia,Dietzler,edietzler6t@cdc.gov,Female,211.115.171.191
247,Beilul,Morrott,bmorrott6u@bloglines.com,Female,202.75.34.21
248,Barbi,Anselm,banselm6v@addthis.com,Female,1.165.5.73
249,Tyrus,Churchill,tchurchill6w@chron.com,Male,181.76.205.251
250,Paulette,Giacopetti,pgiacopetti6x@techcrunch.com,Female,157.242.208.141
251,Bailie,Wethered,bwethered6y@facebook.com,Male,10.240.208.99
252,Westbrook,Gummer,wgummer6z@kickstarter.com,Male,181.107.164.115
253,Joly,Doggett,jdoggett70@flickr.com,Female,197.6.182.167
254,Nancee,Missen,nmissen71@weebly.com,Female,5.104.60.197
255,Hamlin,McConnachie,hmcconnachie72@census.gov,Male,169.201.225.155
256,Sydel,Lauthian,slauthian73@bloglines.com,Female,237.30.208.213
257,Whitman,Hayhurst,whayhurst74@apache.org,Male,227.193.25.2
258,Bonnibelle,Silcocks,bsilcocks75@freewebs.com,Female,135.193.155.98
259,Edgar,Lyddiatt,elyddiatt76@chronoengine.com,Male,141.32.1.164
260,Hermy,Liddyard,hliddyard77@whitehouse.gov,Male,159.66.18.179
261,Adolpho,Elvidge,aelvidge78@earthlink.net,Male,249.63.6.70
262,Nichols,Farley,nfarley79@example.com,Male,103.187.251.101
263,Cari,Simonou,csimonou7a@virginia.edu,Female,83.167.248.44
264,Cristabel,Binny,cbinny7b@geocities.com,Female,159.136.61.88
265,Rosemaria,Burburough,rburburough7c@ehow.com,Female,22.1.229.31
266,Skylar,Stockell,sstockell7d@disqus.com,Male,85.46.126.196
267,Jenn,Pentycost,jpentycost7e@amazon.co.jp,Female,38.169.88.137
268,Reed,Grainger,rgrainger7f@yahoo.co.jp,Male,60.165.161.43
269,Tore,Stonehewer,tstonehewer7g@mashable.com,Male,253.10.199.206
270,Adeline,Ivankin,aivankin7h@xrea.com,Female,41.3.18.251
271,Avery,Royden,aroyden7i@chronoengine.com,Male,112.10.172.126
272,Linus,Domnin,ldomnin7j@amazon.de,Male,241.36.245.164
273,Adore,Kalinovich,akalinovich7k@imdb.com,Female,111.187.185.161
274,Lida,Zebedee,lzebedee7l@cmu.edu,Female,239.111.238.90
275,Bev,Pyson,bpyson7m@friendfeed.com,Male,4.193.160.121
276,Nert,Wessing,nwessing7n@yandex.ru,Female,73.217.127.245
277,Ray,Kamen,rkamen7o@goodreads.com,Female,124.107.91.37
278,Rob,Ede,rede7p@lulu.com,Male,3.115.138.55
279,Myron,Tweedie,mtweedie7q@amazonaws.com,Male,233.253.206.154
280,Octavius,Solan,osolan7r@noaa.gov,Male,125.202.125.121
281,Libby,Harman,lharman7s@dion.ne.jp,Female,49.114.137.124
282,Sukey,Fibbens,sfibbens7t@nature.com,Female,77.100.128.160
283,Tan,Devericks,tdevericks7u@google.com.au,Male,173.64.241.91
284,Mira,Vesty,mvesty7v@deliciousdays.com,Female,39.159.44.94
285,Hervey,Lutz,hlutz7w@nature.com,Male,175.4.137.88
286,Tanny,de Broke,tdebroke7x@ezinearticles.com,Male,128.38.221.246
287,Kasper,Georgievski,kgeorgievski7y@upenn.edu,Male,42.102.177.212
288,Angelico,Ickovic,aickovic7z@shareasale.com,Genderfluid,154.148.117.177
289,Clyve,Mattosoff,cmattosoff80@nps.gov,Male,40.164.128.242
290,Vyky,Eliasson,veliasson81@nih.gov,Female,46.117.200.112
291,Elisabet,Utridge,eutridge82@trellian.com,Female,220.198.242.138
292,Audy,Flay,aflay83@dmoz.org,Female,166.243.235.101
293,Bing,Nitti,bnitti84@e-recht24.de,Male,98.42.240.171
294,Cally,Vassman,cvassman85@google.pl,Female,35.193.12.33
295,Karin,Killough,kkillough86@gravatar.com,Female,184.6.149.56
296,Royal,Larkin,rlarkin87@ca.gov,Male,76.89.21.216
297,Ron,Humphrys,rhumphrys88@fastcompany.com,Male,245.242.16.254
298,Edy,Silcox,esilcox89@gnu.org,Female,97.57.196.164
299,Nicol,Izat,nizat8a@ucla.edu,Male,12.43.252.38
300,Manfred,Truwert,mtruwert8b@sourceforge.net,Male,149.100.90.24
301,Clareta,Cornejo,ccornejo8c@livejournal.com,Female,255.202.226.42
302,Win,Mugford,wmugford8d@twitter.com,Male,12.199.168.118
303,Skipper,Balasini,sbalasini8e@huffingtonpost.com,Male,189.170.87.151
304,Anstice,Skellon,askellon8f@jalbum.net,Female,73.163.249.238
305,Kort,Livesay,klivesay8g@vinaora.com,Male,32.185.242.179
306,Dalila,Ferrieroi,dferrieroi8h@edublogs.org,Female,138.212.125.93
307,Edita,Furnell,efurnell8i@redcross.org,Female,77.87.218.164
308,Corilla,Winspire,cwinspire8j@geocities.jp,Female,51.208.75.21
309,Gilles,McNabb,gmcnabb8k@shutterfly.com,Male,113.11.163.210
310,Sallie,Aumerle,saumerle8l@webs.com,Female,184.192.36.107
311,Shoshana,Grinsdale,sgrinsdale8m@reuters.com,Female,203.149.183.232
312,Averil,Thurbon,athurbon8n@webnode.com,Female,224.124.17.131
313,Jenni,De Bell,jdebell8o@kickstarter.com,Female,95.136.192.58
314,Patti,Clemintoni,pclemintoni8p@businessinsider.com,Female,67.189.233.219
315,Leland,Betty,lbetty8q@storify.com,Female,249.6.200.220
316,Beryl,Glasman,bglasman8r@shutterfly.com,Female,61.147.148.215
317,Janessa,Latehouse,jlatehouse8s@oaic.gov.au,Female,135.140.41.24
318,Fairfax,Hanks,fhanks8t@google.co.jp,Male,228.78.222.145
319,Mariann,Willavize,mwillavize8u@theglobeandmail.com,Agender,71.242.151.157
320,Caralie,Seppey,cseppey8v@hatena.ne.jp,Female,78.113.187.187
321,Willi,Titmarsh,wtitmarsh8w@theguardian.com,Male,148.5.44.205
322,Kaitlin,Bonnier,kbonnier8x@eepurl.com,Female,161.245.110.141
323,Wayland,Goodswen,wgoodswen8y@exblog.jp,Male,246.52.178.209
324,Karee,Kaiser,kkaiser8z@disqus.com,Female,236.159.113.31
325,Mikaela,Hudless,mhudless90@bizjournals.com,Female,21.54.64.74
326,Elana,Bury,ebury91@exblog.jp,Polygender,136.66.235.183
327,Adel,Holbarrow,aholbarrow92@uiuc.edu,Genderfluid,42.177.145.112
328,Dunn,O' Mullan,domullan93@vimeo.com,Agender,15.8.202.40
329,Jilleen,Jordi,jjordi94@soup.io,Female,87.91.82.150
330,Odelinda,Stanbridge,ostanbridge95@artisteer.com,Female,22.55.10.159
331,Rand,Stanlake,rstanlake96@wsj.com,Male,9.203.148.141
332,Anne-marie,Arunowicz,aarunowicz97@paypal.com,Genderfluid,229.91.222.168
333,Wylma,Pinckstone,wpinckstone98@accuweather.com,Female,161.201.245.41
334,Erminia,Pointing,epointing99@apple.com,Female,23.44.163.8
335,Taite,Pues,tpues9a@soundcloud.com,Male,65.2.40.205
336,Dora,Ranstead,dranstead9b@over-blog.com,Female,23.143.254.10
337,Alfredo,Sommer,asommer9c@nature.com,Male,42.179.85.182
338,Kris,Hucks,khucks9d@berkeley.edu,Female,73.2.103.101
339,Vale,Kieff,vkieff9e@acquirethisname.com,Male,110.34.143.202
340,Jordan,Broxis,jbroxis9f@surveymonkey.com,Female,164.243.132.121
341,Clem,Kondratyuk,ckondratyuk9g@qq.com,Male,174.113.28.62
342,Linda,Nolton,lnolton9h@go.com,Female,26.217.234.216
343,Wanids,Meneux,wmeneux9i@pagesperso-orange.fr,Female,220.241.188.27
344,Curran,Frowd,cfrowd9j@mapy.cz,Male,130.196.199.153
345,Ruddie,Campanelli,rcampanelli9k@shareasale.com,Male,213.36.42.121
346,Norry,Hecks,nhecks9l@creativecommons.org,Male,174.238.105.244
347,Nicolis,Douche,ndouche9m@wisc.edu,Male,249.85.103.227
348,Ethelin,Umpleby,eumpleby9n@seattletimes.com,Female,236.142.206.137
349,Patricio,Stegel,pstegel9o@goo.ne.jp,Male,241.41.57.67
350,Lisette,McAllester,lmcallester9p@buzzfeed.com,Female,108.128.48.71
351,Demetris,Novic,dnovic9q@github.com,Female,222.114.55.96
352,Brinna,Calam,bcalam9r@yellowbook.com,Female,156.95.178.157
353,Dud,Frigout,dfrigout9s@imdb.com,Male,211.56.53.70
354,Tildy,Grimsell,tgrimsell9t@twitter.com,Female,70.242.17.32
355,Viv,Haukey,vhaukey9u@accuweather.com,Genderfluid,86.247.130.150
356,Pace,Doghartie,pdoghartie9v@chicagotribune.com,Male,9.109.174.233
357,Charley,Bramer,cbramer9w@bbc.co.uk,Male,177.203.55.102
358,Gaultiero,Leicester,gleicester9x@linkedin.com,Male,0.132.118.228
359,Bab,Karlolak,bkarlolak9y@cdc.gov,Female,102.252.164.142
360,Christin,Onthank,conthank9z@archive.org,Female,12.67.105.110
361,Milton,Baudry,mbaudrya0@ehow.com,Male,57.225.254.222
362,Rosalinde,Halversen,rhalversena1@microsoft.com,Female,104.43.51.10
363,Liana,Yurin,lyurina2@delicious.com,Female,75.237.45.129
364,Dorelia,Bowshire,dbowshirea3@comcast.net,Female,249.118.79.169
365,Barton,Kording,bkordinga4@slate.com,Male,64.103.129.123
366,Gallagher,Solomon,gsolomona5@admin.ch,Male,31.131.235.99
367,Milli,Elgram,melgrama6@guardian.co.uk,Female,61.15.105.226
368,Grady,Mayte,gmaytea7@phoca.cz,Male,134.149.86.21
369,Muire,Matonin,mmatonina8@wufoo.com,Female,184.213.253.31
370,Mora,Attwell,mattwella9@sun.com,Female,102.178.55.130
371,Vonni,Agent,vagentaa@digg.com,Female,185.192.115.137
372,Huey,Maric,hmaricab@elpais.com,Male,24.10.190.39
373,Rutherford,Claesens,rclaesensac@shinystat.com,Male,191.36.116.121
374,Aggie,Domone,adomonead@gmpg.org,Female,90.185.13.140
375,Crichton,Cockram,ccockramae@weather.com,Male,3.192.76.28
376,Linn,Pockey,lpockeyaf@skyrock.com,Female,129.110.79.162
377,Sonnie,Puttnam,sputtnamag@howstuffworks.com,Female,97.187.172.146
378,Stevy,Lossman,slossmanah@stumbleupon.com,Male,193.141.152.151
379,Fina,Ablewhite,fablewhiteai@harvard.edu,Female,150.205.175.220
380,Mahmud,Shapero,mshaperoaj@tamu.edu,Male,144.185.190.31
381,Dasya,Wilcott,dwilcottak@theguardian.com,Female,200.255.60.223
382,Garald,Jeschner,gjeschneral@nih.gov,Male,134.36.81.232
383,Mirilla,Davenhill,mdavenhillam@mysql.com,Female,243.75.172.193
384,Aileen,Hodgin,ahodginan@ezinearticles.com,Female,197.225.150.143
385,Charla,Fonzone,cfonzoneao@drupal.org,Female,15.164.66.18
386,Chloe,Wragg,cwraggap@washingtonpost.com,Genderqueer,107.220.142.183
387,Iggy,Enriques,ienriquesaq@163.com,Male,80.104.144.184
388,Kerwinn,Browse,kbrowsear@booking.com,Male,152.221.48.164
389,Luigi,Noden,lnodenas@kickstarter.com,Male,195.150.223.214
390,Monro,Mingus,mmingusat@toplist.cz,Male,161.40.128.140
391,Mirella,Costanza,mcostanzaau@cnbc.com,Female,255.175.112.78
392,Donalt,Dosdale,ddosdaleav@sciencedirect.com,Male,39.79.73.89
393,Karyl,Wilsone,kwilsoneaw@wufoo.com,Female,131.87.38.75
394,Hoyt,Turfitt,hturfittax@wiley.com,Male,92.191.229.107
395,Gunther,Pardy,gpardyay@nifty.com,Male,173.46.140.8
396,Keefe,Ruddick,kruddickaz@weebly.com,Male,250.168.71.145
397,Kaylee,Lie,klieb0@smh.com.au,Genderqueer,198.146.164.68
398,Fonsie,Crummy,fcrummyb1@cpanel.net,Genderfluid,155.106.48.30
399,Cleopatra,Vlahos,cvlahosb2@bigcartel.com,Female,37.132.71.44
400,Cornelia,Keuneke,ckeunekeb3@cnet.com,Female,64.3.33.236
401,Anette,Hurling,ahurlingb4@aboutads.info,Female,239.132.8.212
402,Maximilian,Renowden,mrenowdenb5@devhub.com,Genderfluid,238.44.186.21
403,Carine,Harbert,charbertb6@seesaa.net,Female,150.115.211.17
404,Niko,Hughman,nhughmanb7@europa.eu,Male,177.78.133.75
405,Tyler,Rispine,trispineb8@aol.com,Male,64.88.91.1
406,Maurita,Donaldson,mdonaldsonb9@harvard.edu,Female,158.33.184.156
407,Kenton,Ellit,kellitba@furl.net,Male,96.66.188.51
408,Jesus,La Vigne,jlavignebb@miibeian.gov.cn,Male,215.246.88.78
409,Giulietta,Murra,gmurrabc@google.it,Non-binary,49.233.201.118
410,Joline,Pyatt,jpyattbd@a8.net,Female,42.59.222.25
411,Mimi,Boog,mboogbe@list-manage.com,Polygender,249.174.217.244
412,Lorri,Ralestone,lralestonebf@shinystat.com,Female,254.136.198.151
413,Irwinn,Joddens,ijoddensbg@booking.com,Male,136.2.203.5
414,Pearline,Munt,pmuntbh@ted.com,Female,150.212.86.255
415,Vilma,Egleton,vegletonbi@usa.gov,Female,225.243.123.206
416,Darla,Ipsly,dipslybj@yale.edu,Female,48.66.16.10
417,Scot,Stoving,sstovingbk@feedburner.com,Male,149.6.151.29
418,Fair,Bowmaker,fbowmakerbl@issuu.com,Male,101.101.181.54
419,Allan,Narramore,anarramorebm@clickbank.net,Male,121.174.0.137
420,Sharity,Featherstonhaugh,sfeatherstonhaughbn@is.gd,Female,107.29.21.100
421,Arabella,Honeyghan,ahoneyghanbo@google.com.br,Female,164.65.238.49
422,Garreth,Pincott,gpincottbp@slate.com,Male,227.61.226.192
423,Matthus,Aloigi,maloigibq@lulu.com,Male,97.137.25.157
424,Leda,Woolam,lwoolambr@cdbaby.com,Agender,133.194.29.52
425,Willette,Fishpond,wfishpondbs@4shared.com,Female,194.248.82.58
426,Ingra,Fierman,ifiermanbt@bloglines.com,Male,236.63.137.190
427,Moishe,McKeady,mmckeadybu@un.org,Male,158.140.50.121
428,Sim,Bergeau,sbergeaubv@feedburner.com,Male,253.85.44.153
429,Kristopher,Coneley,kconeleybw@cdbaby.com,Male,210.217.204.233
430,Ronalda,Mildmott,rmildmottbx@creativecommons.org,Female,89.65.117.93
431,Faun,Diwell,fdiwellby@blogs.com,Female,195.103.120.39
432,Ware,Kinglake,wkinglakebz@mediafire.com,Male,164.249.88.99
433,Ber,Godbold,bgodboldc0@cyberchimps.com,Male,79.240.158.199
434,Onfroi,Duffit,oduffitc1@ask.com,Male,85.3.169.64
435,Ramsay,Bonnesen,rbonnesenc2@shutterfly.com,Male,49.71.214.167
436,Hewitt,Dilawey,hdilaweyc3@youku.com,Male,93.81.93.173
437,Sunny,Dolan,sdolanc4@51.la,Male,186.178.197.225
438,Engracia,Oakly,eoaklyc5@noaa.gov,Female,158.118.208.27
439,Nariko,Lembrick,nlembrickc6@cafepress.com,Female,97.40.78.98
440,Phebe,O'Luby,polubyc7@vkontakte.ru,Female,14.71.42.123
441,Karla,Budgen,kbudgenc8@pen.io,Female,125.252.187.50
442,Ferdie,Marcinkowski,fmarcinkowskic9@ask.com,Male,104.199.58.72
443,Padriac,MacKereth,pmackerethca@google.fr,Male,166.109.17.6
444,Lia,Kinder,lkindercb@paginegialle.it,Female,13.215.88.208
445,Ric,Robertsson,rrobertssoncc@joomla.org,Male,2.121.150.44
446,Humfrey,Conti,hconticd@cnbc.com,Male,4.212.60.212
447,Marita,Amer,mamerce@imageshack.us,Female,168.33.146.62
448,Joanna,Summerhayes,jsummerhayescf@wiley.com,Female,193.59.8.197
449,Alleyn,Spadeck,aspadeckcg@merriam-webster.com,Agender,205.76.185.45
450,Buckie,Stanyland,bstanylandch@php.net,Non-binary,139.212.10.190
451,Sinclare,Rousell,srousellci@godaddy.com,Male,27.80.11.28
452,Emmet,Breit,ebreitcj@msu.edu,Male,188.202.28.105
453,Levi,Philliphs,lphilliphsck@amazon.de,Male,110.175.246.159
454,Wilhelm,Merrikin,wmerrikincl@nps.gov,Male,41.136.94.64
455,Devondra,Smartman,dsmartmancm@live.com,Female,82.188.170.80
456,Shelton,Pechell,spechellcn@slashdot.org,Male,37.166.62.41
457,Nicolas,Urien,nurienco@zdnet.com,Male,191.242.228.119
458,Madlen,Marland,mmarlandcp@jugem.jp,Female,10.225.194.181
459,Donny,Marshal,dmarshalcq@mysql.com,Female,157.50.71.196
460,Donny,Baugh,dbaughcr@blinklist.com,Male,35.110.24.83
461,Antonina,Heelis,aheeliscs@columbia.edu,Female,85.4.61.98
462,Koo,Friend,kfriendct@clickbank.net,Female,114.239.56.218
463,Ignaz,Twaite,itwaitecu@ibm.com,Male,78.218.196.175
464,Diego,Bowhay,dbowhaycv@nyu.edu,Male,232.248.87.4
465,Terrijo,Twigg,ttwiggcw@dagondesign.com,Agender,106.243.122.11
466,Ludwig,Rapport,lrapportcx@t.co,Genderfluid,32.31.249.137
467,Ashton,Sonschein,asonscheincy@ycombinator.com,Male,54.9.85.236
468,Mariejeanne,Hylden,mhyldencz@harvard.edu,Female,197.204.185.48
469,Cletis,MacAnespie,cmacanespied0@mit.edu,Male,79.156.23.233
470,Mark,Wearing,mwearingd1@tripod.com,Male,232.77.79.19
471,Lammond,Merrell,lmerrelld2@unc.edu,Male,169.17.24.7
472,Mallissa,Simpkins,msimpkinsd3@goo.ne.jp,Female,178.101.94.1
473,Gwenni,Cicutto,gcicuttod4@tamu.edu,Female,1.100.190.212
474,Hilde,Godthaab,hgodthaabd5@blinklist.com,Female,151.37.160.85
475,Nonnah,Luna,nlunad6@gmpg.org,Female,188.35.114.150
476,Lou,Lawrie,llawried7@chicagotribune.com,Female,87.214.199.54
477,Kristopher,Sherwood,ksherwoodd8@time.com,Male,112.172.71.4
478,Noel,Currin,ncurrind9@php.net,Female,122.50.96.185
479,Hillel,Chafney,hchafneyda@google.de,Male,18.221.238.100
480,Tabb,Nuttall,tnuttalldb@taobao.com,Male,0.28.195.223
481,Micky,Cowins,mcowinsdc@nyu.edu,Bigender,180.0.82.181
482,Yasmin,Woolger,ywoolgerdd@cisco.com,Female,237.53.114.92
483,Taylor,Rowatt,trowattde@twitter.com,Male,164.248.179.104
484,Marion,Manolov,mmanolovdf@cafepress.com,Male,250.223.33.217
485,Carola,Domengue,cdomenguedg@homestead.com,Female,52.200.246.215
486,Rossie,Cartmer,rcartmerdh@1688.com,Male,183.57.206.204
487,Kit,Giovannacc@i,kgiovannaccidi@rambler.ru,Male,144.229.140.35
488,Claudian,Widdup,cwiddupdj@taobao.com,Male,137.155.90.63
489,Riccardo,Pettengell,rpettengelldk@blinklist.com,Male,20.193.47.130
490,Buddy,Cashin,bcashindl@1und1.de,Male,245.119.77.227
491,Joelie,Guerro,jguerrodm@rakuten.co.jp,Female,238.17.15.15
492,Bertrando,Maharry,bmaharrydn@google.es,Male,95.18.193.154
493,Mahalia,Chettoe,mchettoedo@cdbaby.com,Female,208.172.146.38
494,Irma,Cosh,icoshdp@wordpress.com,Female,115.208.183.212
495,Gonzalo,Prydie,gprydiedq@yale.edu,Male,137.6.252.21
496,Gauthier,Pachta,gpachtadr@bbb.org,Bigender,254.236.255.224
497,Mac,Egre,megreds@123-reg.co.uk,Male,150.73.45.0
498,Desdemona,Yakhin,dyakhindt@comsenz.com,Female,133.241.227.96
499,Myrah,Shillan,mshillandu@ucoz.ru,Female,80.92.239.249
500,Farr,Sikora,fsikoradv@sun.com,Male,230.167.162.168
501,Kristy,Klampk,kklampkdw@ucla.edu,Female,6.227.172.151
502,Hagan,Gregorowicz,hgregorowiczdx@vimeo.com,Male,0.227.194.20
503,Reagen,Castagnaro,rcastagnarody@aboutads.info,Male,232.48.88.93
504,Kiele,Swateridge,kswateridgedz@ox.ac.uk,Female,113.102.15.186
505,Matelda,Glavis,mglavise0@ow.ly,Female,192.217.106.236
506,Bryce,Yurkiewicz,byurkiewicze1@pcworld.com,Male,8.115.189.62
507,Rock,Coundley,rcoundleye2@slideshare.net,Male,154.14.76.236
508,Terrance,Bakey,tbakeye3@google.it,Male,220.93.60.165
509,Lemuel,Ellams,lellamse4@last.fm,Male,115.72.40.57
510,Wake,Fosher,wfoshere5@naver.com,Male,253.50.253.142
511,Latashia,Janew,ljanewe6@blogtalkradio.com,Polygender,0.178.135.231
512,Harlin,Saur,hsaure7@dailymail.co.uk,Male,175.66.62.250
513,Clayborne,Reckless,crecklesse8@ihg.com,Male,87.89.0.139
514,Athene,Humblestone,ahumblestonee9@forbes.com,Female,1.64.36.81
515,Gloriane,Gandy,ggandyea@admin.ch,Female,2.255.234.147
516,Aindrea,Jore,ajoreeb@addthis.com,Female,222.22.235.84
517,Albrecht,Keitch,akeitchec@globo.com,Male,212.93.170.76
518,Nell,Soppit,nsoppited@sun.com,Female,9.39.178.42
519,Adelbert,Orlton,aorltonee@ox.ac.uk,Male,157.5.143.179
520,Burty,Visco,bviscoef@flickr.com,Male,101.137.112.196
521,Warden,Conlon,wconloneg@blogger.com,Male,17.18.132.68
522,Rory,Cassley,rcassleyeh@youtu.be,Female,95.172.2.232
523,Janis,Gingles,jginglesei@dell.com,Female,203.161.117.150
524,Giovanna,Copner,gcopnerej@pen.io,Female,160.90.95.196
525,Lesley,Reah,lreahek@sciencedirect.com,Male,228.92.67.187
526,Cyril,Anfrey,canfreyel@irs.gov,Male,20.68.254.69
527,Cara,Castelyn,ccastelynem@yolasite.com,Female,7.168.224.22
528,Jennica,Bullcock,jbullcocken@imdb.com,Female,84.112.86.123
529,Jobey,Elderton,jeldertoneo@zimbio.com,Female,192.70.63.16
530,Rutter,Jerger,rjergerep@tripadvisor.com,Male,103.17.12.62
531,Elia,Fydo,efydoeq@prlog.org,Genderfluid,60.124.34.174
532,Cloris,Stelli,cstellier@dyndns.org,Female,49.12.249.119
533,Jon,Danter,jdanteres@usda.gov,Male,195.73.129.71
534,Evelina,Tytherton,etythertonet@purevolume.com,Female,134.140.111.36
535,Hyacinthie,Glendzer,hglendzereu@washingtonpost.com,Female,128.99.207.88
536,Ariel,Brazil,abrazilev@gravatar.com,Bigender,127.63.205.71
537,Latrina,Lorenzin,llorenzinew@google.es,Female,235.17.204.161
538,Marlyn,Vanshin,mvanshinex@devhub.com,Female,192.63.106.55
539,Ara,Beasley,abeasleyey@shop-pro.jp,Female,187.159.33.211
540,Millard,Carmont,mcarmontez@foxnews.com,Male,142.145.102.39
541,Gillan,Pistol,gpistolf0@goo.ne.jp,Female,205.99.167.106
542,Wayne,Harback,wharbackf1@google.com,Male,159.153.133.48
543,Selie,Yve,syvef2@sciencedirect.com,Female,154.169.38.179
544,Murielle,Deem,mdeemf3@sun.com,Bigender,215.117.111.63
545,Dayna,Keemar,dkeemarf4@wordpress.com,Female,232.22.89.5
546,Cullie,Garrit,cgarritf5@163.com,Male,81.182.105.100
547,Lisabeth,Killshaw,lkillshawf6@bing.com,Female,201.186.141.56
548,Cris,Dunn,cdunnf7@fda.gov,Male,157.53.102.8
549,Joelly,Fullicks,jfullicksf8@hc360.com,Genderqueer,92.146.154.232
550,Mei,Maharey,mmahareyf9@apple.com,Bigender,126.172.181.205
551,Rivalee,Iacopetti,riacopettifa@google.it,Female,174.199.98.127
552,Bobbye,Wilkins,bwilkinsfb@indiatimes.com,Female,165.99.69.229
553,Priscella,Blakeden,pblakedenfc@nifty.com,Female,161.245.46.141
554,Koren,Wroth,kwrothfd@usda.gov,Female,174.96.49.78
555,Godard,Walby,gwalbyfe@t-online.de,Male,213.177.88.76
556,Trey,Wraith,twraithff@amazon.com,Male,64.80.23.155
557,Royall,Topham,rtophamfg@tiny.cc,Male,117.61.54.72
558,Kele,Langan,klanganfh@zimbio.com,Male,216.77.79.74
559,Patten,Finch,pfinchfi@ycombinator.com,Male,127.134.249.137
560,Ashlie,Bilsford,abilsfordfj@harvard.edu,Female,207.153.165.81
561,Marika,Camerati,mcameratifk@deliciousdays.com,Female,133.161.0.42
562,Almeda,Bollins,abollinsfl@discovery.com,Female,240.85.203.90
563,Cullen,Kuna,ckunafm@xinhuanet.com,Non-binary,161.183.191.167
564,Nellie,Roney,nroneyfn@wunderground.com,Female,179.236.76.234
565,Vern,Beevens,vbeevensfo@sina.com.cn,Male,23.154.108.43
566,Cirillo,Myers,cmyersfp@feedburner.com,Male,127.156.197.149
567,Darrin,Southerden,dsoutherdenfq@usgs.gov,Male,191.60.46.8
568,Aluino,Fluit,afluitfr@telegraph.co.uk,Non-binary,44.2.166.239
569,Greer,Portingale,gportingalefs@eepurl.com,Female,129.246.164.22
570,Missy,Saterweyte,msaterweyteft@studiopress.com,Female,111.170.236.200
571,Johanna,Philpotts,jphilpottsfu@clickbank.net,Female,195.211.203.14
572,Bridie,Shill,bshillfv@google.com.au,Female,133.209.182.20
573,Agustin,Archibould,aarchibouldfw@timesonline.co.uk,Male,200.85.191.66
574,Kali,Bosley,kbosleyfx@sphinn.com,Female,4.88.142.225
575,Shantee,Scoines,sscoinesfy@paginegialle.it,Female,45.101.127.97
576,Eleen,Bathurst,ebathurstfz@yahoo.co.jp,Female,117.248.82.165
577,Eloisa,Cambling,ecamblingg0@myspace.com,Female,217.233.77.145
578,Malvin,Glyn,mglyng1@uol.com.br,Male,167.11.255.122
579,Ervin,Fermer,efermerg2@newyorker.com,Male,111.226.134.171
580,Neddy,Schubuser,nschubuserg3@wunderground.com,Male,146.32.227.253
581,Darrin,Jasper,djasperg4@goodreads.com,Male,43.66.20.254
582,Bryan,Coombs,bcoombsg5@msn.com,Male,223.250.241.125
583,Diane-marie,Marklin,dmarkling6@globo.com,Female,80.231.237.58
584,Jessee,Jerdein,jjerdeing7@irs.gov,Male,22.196.236.160
585,Alice,Geeritz,ageeritzg8@twitter.com,Female,119.251.182.145
586,Gillan,Clelland,gclellandg9@edublogs.org,Female,117.100.5.163
587,Misti,Bresson,mbressonga@cdc.gov,Female,222.220.134.129
588,Harald,Gibbons,hgibbonsgb@wiley.com,Male,156.126.147.95
589,Arvin,O'Hogertie,aohogertiegc@businessweek.com,Male,134.138.250.69
590,Gar,Brownhill,gbrownhillgd@umich.edu,Bigender,144.120.208.7
591,Raynard,Helliar,rhelliarge@nhs.uk,Male,148.125.136.124
592,Arin,Groarty,agroartygf@creativecommons.org,Male,98.244.48.253
593,Michelle,Ogle,moglegg@photobucket.com,Female,52.142.10.197
594,Vincenz,Leftbridge,vleftbridgegh@npr.org,Male,117.43.75.75
595,Jacquetta,Chattell,jchattellgi@dailymail.co.uk,Female,144.203.231.186
596,Anna-diana,Stallwood,astallwoodgj@mail.ru,Female,190.28.88.13
597,Ring,Martinuzzi,rmartinuzzigk@bing.com,Male,161.141.105.222
598,Brockie,Waldram,bwaldramgl@etsy.com,Male,144.60.85.101
599,Kassandra,Ahrend,kahrendgm@usda.gov,Female,228.202.132.65
600,Cassandra,Murdie,cmurdiegn@sourceforge.net,Female,70.40.25.103
601,Pen,Gillison,pgillisongo@mozilla.com,Female,107.65.34.115
602,Joellen,Manser,jmansergp@sfgate.com,Female,172.77.170.7
603,Stephi,Stemp,sstempgq@vinaora.com,Female,172.214.245.25
604,Farly,Wodham,fwodhamgr@cafepress.com,Male,163.30.128.37
605,Mariele,Cavell,mcavellgs@acquirethisname.com,Female,108.9.253.221
606,Antonie,Delle,adellegt@phpbb.com,Female,23.113.115.228
607,Kinna,Newlove,knewlovegu@princeton.edu,Female,223.90.177.83
608,Rutherford,Robichon,rrobichongv@ebay.co.uk,Male,75.40.27.132
609,Zacherie,Jakov,zjakovgw@wufoo.com,Male,159.127.79.219
610,Joelynn,Fretwell,jfretwellgx@wired.com,Female,21.7.22.182
611,Dari,Romagosa,dromagosagy@webeden.co.uk,Female,120.113.217.192
612,Quintin,Hutcheson,qhutchesongz@cloudflare.com,Male,232.239.161.217
613,Aloin,Shayes,ashayesh0@reverbnation.com,Male,173.208.106.135
614,Gerhardine,Gathercole,ggathercoleh1@berkeley.edu,Female,133.170.103.244
615,Vaughan,Gibbe,vgibbeh2@yellowpages.com,Male,166.202.66.63
616,Harman,Batting,hbattingh3@cbslocal.com,Male,108.158.214.33
617,Lisbeth,Rutland,lrutlandh4@amazon.de,Genderqueer,53.27.2.61
618,Baxie,Moggle,bmoggleh5@odnoklassniki.ru,Male,47.196.100.195
619,Krysta,Cawthera,kcawtherah6@tuttocitta.it,Female,74.46.162.149
620,Ransell,Colebourn,rcolebournh7@g.co,Male,201.84.26.174
621,Baudoin,Luckhurst,bluckhursth8@earthlink.net,Agender,200.133.255.14
622,Dollie,Peak,dpeakh9@bloglines.com,Female,221.112.239.147
623,Corinna,Burgum,cburgumha@oakley.com,Female,94.125.98.78
624,Freemon,Oattes,foatteshb@businessinsider.com,Male,69.183.191.253
625,Nalani,Avrahamof,navrahamofhc@amazonaws.com,Female,104.11.76.0
626,Lucy,Forte,lfortehd@youku.com,Female,149.116.131.147
627,Margarette,Prendergrass,mprendergrasshe@engadget.com,Female,9.239.23.120
628,Madeline,Stoller,mstollerhf@toplist.cz,Female,202.219.26.37
629,Sherwood,Peaker,speakerhg@desdev.cn,Male,179.27.201.155
630,Nariko,Clausius,nclausiushh@independent.co.uk,Female,33.134.211.7
631,Haily,Kew,hkewhi@dell.com,Male,237.198.82.50
632,Adah,Chippindale,achippindalehj@netscape.com,Female,77.40.106.158
633,Esmeralda,Pankethman,epankethmanhk@ucoz.ru,Female,227.209.157.212
634,Abby,Blaasch,ablaaschhl@github.com,Female,153.16.188.146
635,Angie,Stillwell,astillwellhm@yelp.com,Male,0.103.113.136
636,Reidar,Garroch,rgarrochhn@posterous.com,Male,150.207.20.123
637,Ellsworth,Tuison,etuisonho@amazon.com,Male,55.170.85.194
638,Abran,Casillas,acasillashp@tripod.com,Male,24.83.40.89
639,Mahmud,Edlyne,medlynehq@admin.ch,Male,16.39.204.226
640,Demetre,Trembley,dtrembleyhr@tripod.com,Male,239.251.108.254
641,Tedie,Cretney,tcretneyhs@baidu.com,Male,163.28.161.64
642,Blisse,Rodder,brodderht@indiegogo.com,Female,209.91.198.231
643,Vaughn,Gayne,vgaynehu@altervista.org,Male,223.3.0.213
644,Ulla,Obispo,uobispohv@mac.com,Female,54.138.38.49
645,Zechariah,Starr,zstarrhw@zdnet.com,Male,13.137.26.160
646,Flem,Giacopazzi,fgiacopazzihx@mozilla.org,Male,14.173.32.77
647,Griffin,Devonport,gdevonporthy@e-recht24.de,Male,122.216.247.196
648,Manny,Sambrook,msambrookhz@china.com.cn,Male,94.91.50.15
649,Sayre,Joseff,sjoseffi0@ucoz.com,Male,40.101.23.201
650,Mei,Strutz,mstrutzi1@arstechnica.com,Female,178.37.113.219
651,Kristal,Carlaw,kcarlawi2@jugem.jp,Female,226.227.190.93
652,Maximilianus,Botger,mbotgeri3@reference.com,Male,39.42.41.52
653,Christopher,Le Count,clecounti4@infoseek.co.jp,Male,48.255.125.127
654,Jordan,Rogeron,jrogeroni5@usnews.com,Female,193.140.232.137
655,Rebekah,Arnould,rarnouldi6@pagesperso-orange.fr,Female,129.79.202.198
656,Tandy,Crocker,tcrockeri7@oaic.gov.au,Female,193.198.167.218
657,Lotti,Treske,ltreskei8@jugem.jp,Female,74.84.113.58
658,Iorgos,Lamey,ilameyi9@mail.ru,Male,68.144.227.149
659,Ebeneser,Hamprecht,ehamprechtia@clickbank.net,Male,163.242.49.210
660,Stanley,Manshaw,smanshawib@amazon.co.uk,Male,86.94.28.30
661,Sukey,Gossington,sgossingtonic@acquirethisname.com,Female,131.100.183.74
662,Brenn,Olyfant,bolyfantid@amazon.co.jp,Female,88.238.81.226
663,Joseito,Hoggan,jhogganie@vinaora.com,Male,245.26.23.6
664,Terri-jo,Trunchion,ttrunchionif@w3.org,Female,37.124.17.92
665,Aldus,Hampson,ahampsonig@opera.com,Male,125.253.21.63
666,Rollo,Naile,rnaileih@rakuten.co.jp,Male,138.175.28.9
667,Christophorus,Cowope,ccowopeii@seattletimes.com,Male,174.220.128.37
668,Monty,Rattray,mrattrayij@blogspot.com,Male,248.100.16.14
669,Charmain,Silvester,csilvesterik@engadget.com,Female,39.161.53.73
670,Edgard,Berzon,eberzonil@elegantthemes.com,Male,208.179.226.100
671,Lilah,Burbage,lburbageim@goo.ne.jp,Female,146.85.223.163
672,Dianna,Hoxey,dhoxeyin@omniture.com,Polygender,224.58.16.226
673,Scotty,McCahey,smccaheyio@goodreads.com,Male,173.250.147.124
674,Renae,Beet,rbeetip@phoca.cz,Female,121.36.62.119
675,Jasen,Matthai,jmatthaiiq@weather.com,Male,156.29.200.117
676,Mendy,Meers,mmeersir@oaic.gov.au,Male,33.120.214.104
677,Lucien,Tuite,ltuiteis@prnewswire.com,Male,48.86.111.164
678,Howard,Fishlock,hfishlockit@usa.gov,Male,195.46.21.69
679,Tobias,Curedale,tcuredaleiu@kickstarter.com,Male,143.205.64.134
680,Sigismundo,Ingledew,singledewiv@princeton.edu,Male,157.216.157.149
681,Eleanora,Spadollini,espadolliniiw@skype.com,Female,251.229.132.13
682,Celestine,Gerb,cgerbix@altervista.org,Female,192.27.87.114
683,Charissa,Crosher,ccrosheriy@hostgator.com,Female,142.220.80.90
684,Bibi,O'Doghesty,bodoghestyiz@vinaora.com,Female,251.76.191.197
685,Leia,Shakelady,lshakeladyj0@walmart.com,Female,103.19.60.206
686,Woodman,Tollmache,wtollmachej1@eepurl.com,Male,45.9.131.222
687,Jock,Trusslove,jtrusslovej2@wordpress.com,Male,71.116.110.235
688,Malory,Carwithan,mcarwithanj3@paginegialle.it,Female,34.203.109.143
689,Ronald,Gouley,rgouleyj4@cam.ac.uk,Male,233.103.216.194
690,Farleigh,Biermatowicz,fbiermatowiczj5@tinypic.com,Male,221.48.91.95
691,Tobin,Keysall,tkeysallj6@pagesperso-orange.fr,Male,102.119.192.62
692,Melanie,Poli,mpolij7@domainmarket.com,Female,5.214.230.128
693,Lona,Mc Corley,lmccorleyj8@bigcartel.com,Female,151.16.3.163
694,Darrelle,Deluca,ddelucaj9@angelfire.com,Female,18.216.22.26
695,Franky,Napoleon,fnapoleonja@ft.com,Female,166.152.62.71
696,Olia,Knight,oknightjb@umn.edu,Female,103.103.167.104
697,Kellen,Danko,kdankojc@amazon.co.jp,Bigender,79.222.76.160
698,Christin,Kondratenya,ckondratenyajd@bandcamp.com,Non-binary,164.72.54.112
699,Rhys,Wallbank,rwallbankje@qq.com,Male,10.181.93.150
700,Brody,Cyphus,bcyphusjf@prlog.org,Male,178.90.107.128
701,Nancee,Rosenshine,nrosenshinejg@cdc.gov,Female,226.232.140.83
702,Susann,Wilby,swilbyjh@si.edu,Non-binary,234.26.172.112
703,Brittni,Sellens,bsellensji@t.co,Female,101.13.111.187
704,Tony,Webborn,twebbornjj@bigcartel.com,Male,221.69.232.29
705,Giacinta,Veeler,gveelerjk@mysql.com,Female,187.19.251.42
706,Guido,Doylend,gdoylendjl@nytimes.com,Male,61.58.131.229
707,Cirstoforo,Drains,cdrainsjm@cdc.gov,Male,70.250.161.246
708,Zondra,Leates,zleatesjn@economist.com,Female,173.253.129.204
709,Dill,Padgham,dpadghamjo@earthlink.net,Male,162.46.63.134
710,Alie,Pattlel,apattleljp@dmoz.org,Polygender,56.232.120.113
711,Stafani,O'Moylan,somoylanjq@epa.gov,Agender,230.190.228.134
712,Ranice,Endon,rendonjr@4shared.com,Female,49.82.174.242
713,Seka,Maruszewski,smaruszewskijs@cafepress.com,Female,187.66.207.121
714,Padget,Edelheit,pedelheitjt@reference.com,Male,209.192.205.76
715,Frank,Giametti,fgiamettiju@com.com,Female,134.166.36.4
716,Freida,Gwyn,fgwynjv@a8.net,Female,73.189.49.203
717,Betsy,Slaymaker,bslaymakerjw@homestead.com,Female,238.18.6.36
718,Etienne,Tear,etearjx@linkedin.com,Male,105.1.190.223
719,Donni,O'Cahill,docahilljy@tmall.com,Female,246.157.240.165
720,Charil,Pordall,cpordalljz@angelfire.com,Female,29.93.199.97
721,Pietrek,Fearon,pfearonk0@icio.us,Male,255.84.73.160
722,Arabela,Itzhaki,aitzhakik1@wikipedia.org,Female,135.45.230.29
723,Diane,Storie,dstoriek2@prnewswire.com,Female,41.116.54.247
724,Arlena,Hiner,ahinerk3@360.cn,Female,13.155.56.18
725,Burr,Tippings,btippingsk4@usnews.com,Male,15.3.22.39
726,Milton,Eilhersen,meilhersenk5@google.nl,Male,120.98.248.143
727,Audy,Tuting,atutingk6@edublogs.org,Female,183.153.79.105
728,Leo,Loudyan,lloudyank7@theglobeandmail.com,Male,39.59.156.200
729,Sauncho,Gatty,sgattyk8@ucsd.edu,Male,20.192.78.0
730,Berna,Kilmurray,bkilmurrayk9@hatena.ne.jp,Female,222.90.103.43
731,Bo,Durward,bdurwardka@businessweek.com,Male,195.167.193.192
732,Elisha,Vinter,evinterkb@squarespace.com,Male,212.62.180.182
733,Em,Valentin,evalentinkc@drupal.org,Female,130.87.129.19
734,Abe,Ullyott,aullyottkd@mediafire.com,Male,179.62.100.29
735,Renard,Lutz,rlutzke@google.com.au,Male,138.183.45.94
736,Merwin,Skillington,mskillingtonkf@google.nl,Male,186.202.159.201
737,Marv,Flinn,mflinnkg@businessinsider.com,Male,106.1.35.119
738,Aaren,Kyles,akyleskh@ustream.tv,Female,59.242.132.85
739,Richard,Stapley,rstapleyki@umn.edu,Male,27.192.215.161
740,Wendel,Jillett,wjillettkj@amazon.co.jp,Genderfluid,179.145.15.57
741,Adina,Artingstall,aartingstallkk@icio.us,Female,29.204.63.251
742,Sibilla,Andrichuk,sandrichukkl@sogou.com,Female,248.137.159.179
743,Carleton,Mangeney,cmangeneykm@meetup.com,Male,157.181.24.232
744,Domini,Start,dstartkn@parallels.com,Female,71.42.170.223
745,Cyndi,Jecks,cjecksko@statcounter.com,Female,139.229.76.110
746,Daune,Wilflinger,dwilflingerkp@go.com,Female,160.178.149.77
747,Loria,McNicol,lmcnicolkq@bravesites.com,Female,162.255.136.28
748,Scottie,Blackstock,sblackstockkr@youku.com,Male,125.36.14.162
749,Angelina,Bolitho,abolithoks@about.com,Female,0.234.186.243
750,Skipper,Aulton,saultonkt@bandcamp.com,Male,152.177.163.107
751,Sanders,Hartshorne,shartshorneku@hugedomains.com,Male,35.15.188.43
752,Chance,Nel,cnelkv@usda.gov,Male,118.181.42.229
753,Heddie,Gollin,hgollinkw@goo.ne.jp,Female,106.216.44.76
754,Jesse,Davidescu,jdavidescukx@bbb.org,Female,185.28.206.122
755,Avivah,Enever,aeneverky@blog.com,Bigender,40.169.215.96
756,Violette,Cazalet,vcazaletkz@yandex.ru,Female,137.232.219.144
757,Dallas,Otton,dottonl0@ca.gov,Female,182.242.242.88
758,Haroun,Seabon,hseabonl1@virginia.edu,Male,148.94.49.50
759,Alberik,Greed,agreedl2@usgs.gov,Male,86.197.86.66
760,Cyril,Furminger,cfurmingerl3@ucoz.com,Male,113.186.40.20
761,Jaymie,Goligly,jgoliglyl4@livejournal.com,Male,222.244.174.96
762,Benita,Ream,breaml5@google.ru,Female,173.144.106.238
763,Cherice,De Ambrosis,cdeambrosisl6@unicef.org,Female,237.24.158.188
764,Wolf,Yeldham,wyeldhaml7@vk.com,Male,86.93.94.121
765,Winonah,Lovejoy,wlovejoyl8@technorati.com,Female,235.52.49.21
766,Bayard,Stanwix,bstanwixl9@slashdot.org,Male,177.237.45.221
767,Judas,Breede,jbreedela@themeforest.net,Male,0.155.164.68
768,Alaster,Mougin,amouginlb@miitbeian.gov.cn,Male,84.112.196.191
769,Moll,Gonnard,mgonnardlc@uiuc.edu,Female,36.14.137.137
770,Gertrudis,Turnor,gturnorld@1und1.de,Female,32.42.81.233
771,Ernesta,Brunon,ebrunonle@nasa.gov,Female,86.156.115.131
772,Mervin,Kitchingham,mkitchinghamlf@paypal.com,Male,197.36.179.233
773,Gunner,Lakey,glakeylg@linkedin.com,Male,95.14.239.118
774,Charin,Bidgood,cbidgoodlh@redcross.org,Female,109.251.19.74
775,Clywd,Mottini,cmottinili@pcworld.com,Male,166.101.134.195
776,Ford,Paish,fpaishlj@google.ru,Male,37.194.63.29
777,Vinnie,Headley,vheadleylk@photobucket.com,Female,61.48.53.231
778,Udale,Laverack,ulaverackll@unicef.org,Male,6.26.64.161
779,Beatrice,Ridley,bridleylm@paypal.com,Female,85.138.254.225
780,Gibb,Boyson,gboysonln@purevolume.com,Male,149.56.41.202
781,Erie,Boulds,ebouldslo@example.com,Male,145.113.168.107
782,Fernanda,Goolden,fgooldenlp@usnews.com,Female,202.89.10.235
783,Arin,MacPherson,amacphersonlq@plala.or.jp,Polygender,55.208.93.170
784,Evered,Rapi,erapilr@paypal.com,Genderqueer,125.102.10.50
785,Sarine,Bladesmith,sbladesmithls@bloglovin.com,Female,1.164.209.249
786,Marillin,Gouinlock,mgouinlocklt@a8.net,Female,155.52.99.185
787,Tabbatha,Uccelli,tuccellilu@imgur.com,Female,66.193.187.184
788,Rayna,Scotchforth,rscotchforthlv@discovery.com,Female,65.244.99.110
789,Cori,Gracewood,cgracewoodlw@plala.or.jp,Male,32.11.120.138
790,Petronia,Behrendsen,pbehrendsenlx@nih.gov,Female,28.228.15.109
791,Ingram,Carrington,icarringtonly@devhub.com,Male,117.102.72.145
792,Alexa,Arch,aarchlz@patch.com,Female,189.165.76.123
793,Enrichetta,Hemphrey,ehemphreym0@oakley.com,Female,238.87.137.61
794,Chase,Escolme,cescolmem1@usatoday.com,Male,113.110.233.17
795,Dodi,Ramberg,drambergm2@youtu.be,Genderqueer,95.24.191.186
796,Marcellus,Donlon,mdonlonm3@sina.com.cn,Male,83.66.25.236
797,Nikki,Ostrich,nostrichm4@weebly.com,Female,88.24.142.253
798,Benson,Harkus,bharkusm5@discovery.com,Male,99.84.170.38
799,Jinny,Lamden,jlamdenm6@disqus.com,Female,113.47.251.82
800,Dyane,Hardan,dhardanm7@nasa.gov,Female,111.167.43.51
801,Cornall,Imeson,cimesonm8@geocities.com,Male,105.212.127.243
802,Egbert,Tock,etockm9@nydailynews.com,Male,188.217.95.152
803,Ernestus,Koeppe,ekoeppema@theguardian.com,Male,237.68.164.52
804,Ruthi,Oleksiak,roleksiakmb@hugedomains.com,Female,64.17.230.44
805,Sanford,Bleakley,sbleakleymc@webmd.com,Male,130.107.62.253
806,Herc,Opdenort,hopdenortmd@eepurl.com,Male,59.24.182.190
807,Sharona,Zucker,szuckerme@themeforest.net,Female,61.169.51.21
808,Amelia,Woolvin,awoolvinmf@twitter.com,Female,187.104.139.241
809,Kare,Campes,kcampesmg@cbc.ca,Female,194.187.168.213
810,Edith,Gilfoy,egilfoymh@yahoo.com,Female,86.96.12.247
811,Kalie,Yerrill,kyerrillmi@creativecommons.org,Female,164.130.224.62
812,Bernadine,Olenichev,bolenichevmj@salon.com,Female,227.155.91.239
813,Dulsea,Shawdforth,dshawdforthmk@smh.com.au,Non-binary,96.93.248.108
814,Robin,Jewar,rjewarml@marketwatch.com,Male,171.202.3.79
815,Fiorenze,D'Onisi,fdonisimm@cafepress.com,Female,0.151.31.109
816,Shayne,Viveash,sviveashmn@timesonline.co.uk,Male,187.244.100.61
817,Pauli,Mealiffe,pmealiffemo@newsvine.com,Female,147.187.55.155
818,Wiatt,Lindeman,wlindemanmp@mit.edu,Male,69.77.152.51
819,Skipper,Ourry,sourrymq@digg.com,Male,177.238.131.195
820,Dewitt,Gillet,dgilletmr@unesco.org,Male,214.154.243.163
821,Nehemiah,Lagadu,nlagadums@dagondesign.com,Male,233.77.57.19
822,Carena,Pook,cpookmt@aol.com,Female,131.233.140.24
823,Matelda,Scading,mscadingmu@qq.com,Female,176.75.236.11
824,Taylor,Barton,tbartonmv@gov.uk,Male,68.107.91.110
825,Abbey,Dominik,adominikmw@hostgator.com,Female,66.183.193.134
826,Eric,Aylin,eaylinmx@fda.gov,Male,134.214.29.148
827,Alameda,Stuchbery,astuchberymy@ow.ly,Female,148.147.108.43
828,Tandi,Simioli,tsimiolimz@photobucket.com,Polygender,104.75.40.246
829,Brenda,MacAlroy,bmacalroyn0@geocities.com,Female,147.194.38.89
830,Walker,De Witt,wdewittn1@nydailynews.com,Male,10.105.212.128
831,Merrilee,Francois,mfrancoisn2@etsy.com,Female,99.156.127.102
832,Kaile,Wiffler,kwifflern3@eventbrite.com,Female,164.94.192.0
833,Danyelle,Havis,dhavisn4@vinaora.com,Female,223.218.80.202
834,Cyndi,Iston,cistonn5@wordpress.com,Female,18.136.253.141
835,Jessey,Clausen-Thue,jclausenthuen6@oaic.gov.au,Male,85.234.151.82
836,Dorry,Goude,dgouden7@tiny.cc,Female,119.130.237.41
837,Nil,Gregorio,ngregorion8@geocities.com,Male,234.67.246.173
838,Leia,Meatyard,lmeatyardn9@nifty.com,Female,7.50.65.54
839,Shell,Pidgeon,spidgeonna@altervista.org,Agender,167.118.102.105
840,Zarah,Aynscombe,zaynscombenb@nature.com,Female,131.32.76.250
841,Kathlin,Gable,kgablenc@latimes.com,Female,25.236.162.159
842,Erie,Cabrera,ecabrerand@illinois.edu,Male,247.138.220.87
843,Glenine,Hendrik,ghendrikne@cnbc.com,Female,36.129.150.239
844,Lorilyn,Gosland,lgoslandnf@smugmug.com,Female,136.108.68.27
845,Brigit,Isworth,bisworthng@smugmug.com,Bigender,22.22.9.246
846,Adolphus,Ivanisov,aivanisovnh@a8.net,Male,32.117.90.176
847,Zara,Tees,zteesni@themeforest.net,Female,161.17.124.23
848,Don,Kencott,dkencottnj@nsw.gov.au,Male,204.36.24.119
849,Leland,McKerron,lmckerronnk@si.edu,Male,19.109.9.189
850,Myranda,Arnison,marnisonnl@jugem.jp,Female,118.150.80.121
851,Valina,Copp,vcoppnm@wisc.edu,Female,182.59.234.251
852,Luelle,Harrild,lharrildnn@washington.edu,Female,217.217.102.67
853,Livvie,Cella,lcellano@barnesandnoble.com,Female,5.115.90.48
854,Alford,Balsdon,abalsdonnp@topsy.com,Male,143.121.255.104
855,Caroljean,Donwell,cdonwellnq@rediff.com,Female,6.17.40.126
856,Viole,Hastin,vhastinnr@baidu.com,Female,63.72.15.117
857,Ariel,Dunton,aduntonns@dedecms.com,Female,55.248.104.109
858,Eloise,Luckin,eluckinnt@angelfire.com,Female,32.154.249.99
859,Katy,Addekin,kaddekinnu@nytimes.com,Female,215.84.149.119
860,Silvio,Wintringham,swintringhamnv@booking.com,Male,107.255.193.59
861,Hilton,Garnul,hgarnulnw@wikispaces.com,Male,235.29.130.159
862,Hartley,Viggars,hviggarsnx@wiley.com,Male,9.208.65.250
863,Opalina,Chisolm,ochisolmny@psu.edu,Female,48.142.239.73
864,Cesar,Mound,cmoundnz@aboutads.info,Male,101.209.98.85
865,Forbes,Chadwyck,fchadwycko0@gov.uk,Male,207.221.65.40
866,Zollie,Skamal,zskamalo1@cnbc.com,Male,154.125.133.13
867,Raddie,Lowdeane,rlowdeaneo2@ucoz.com,Male,164.154.87.42
868,Leora,Mordanti,lmordantio3@npr.org,Female,73.43.234.50
869,Savina,Hellikes,shellikeso4@mozilla.org,Female,30.98.3.192
870,Immanuel,Boules,ibouleso5@about.me,Male,3.248.41.101
871,Sibel,Culham,sculhamo6@chron.com,Female,96.234.164.99
872,Dorotea,Magnus,dmagnuso7@npr.org,Female,157.212.136.94
873,Edmund,Delafont,edelafonto8@patch.com,Male,138.208.85.78
874,Leonora,Spencook,lspencooko9@123-reg.co.uk,Female,195.20.54.55
875,Edouard,Yanne,eyanneoa@slideshare.net,Male,135.76.43.90
876,Lara,Cowperthwaite,lcowperthwaiteob@nbcnews.com,Female,79.56.146.50
877,Noach,Ribchester,nribchesteroc@twitpic.com,Male,171.124.106.58
878,Boy,Gauntley,bgauntleyod@foxnews.com,Male,223.196.120.7
879,Melamie,Bowness,mbownessoe@harvard.edu,Genderqueer,214.103.80.153
880,Ira,Powe,ipoweof@histats.com,Female,100.5.72.13
881,Joshia,Baynon,jbaynonog@miibeian.gov.cn,Bigender,78.122.196.18
882,Stephanie,Hoofe,shoofeoh@amazon.com,Female,234.209.237.130
883,Elonore,Tilliards,etilliardsoi@buzzfeed.com,Female,31.88.131.123
884,Lennie,Grigoriscu,lgrigoriscuoj@surveymonkey.com,Male,8.241.13.104
885,Bertie,Donan,bdonanok@ox.ac.uk,Male,111.22.8.207
886,Celestine,Mytton,cmyttonol@domainmarket.com,Genderqueer,117.180.163.97
887,Aylmar,Koenen,akoenenom@addthis.com,Male,44.104.35.141
888,Reinhard,Taylor,rtayloron@scribd.com,Male,197.221.170.219
889,Andy,Cootes,acootesoo@reuters.com,Male,134.67.145.220
890,Burg,Jimmes,bjimmesop@tuttocitta.it,Male,222.137.219.162
891,Marielle,Kovacs,mkovacsoq@mit.edu,Female,46.144.85.192
892,Bradan,Izakovitz,bizakovitzor@unicef.org,Male,189.226.136.226
893,Rriocard,Saxby,rsaxbyos@arstechnica.com,Genderqueer,232.42.174.7
894,Carlie,Ambrosch,cambroschot@house.gov,Male,246.69.172.100
895,Carson,Reubens,creubensou@dion.ne.jp,Male,55.210.250.91
896,Shena,Brinkler,sbrinklerov@ezinearticles.com,Female,83.232.247.245
897,Daryl,Jobbins,djobbinsow@baidu.com,Female,21.53.16.18
898,Ronni,Gouge,rgougeox@creativecommons.org,Female,249.39.78.199
899,Marcellina,Screeton,mscreetonoy@whitehouse.gov,Genderfluid,181.88.234.17
900,Mathe,Ratter,mratteroz@dagondesign.com,Male,231.36.96.171
901,Dell,Billinge,dbillingep0@ebay.com,Male,249.54.175.164
902,Quinta,Oloshin,qoloshinp1@discovery.com,Female,215.79.236.247
903,Ives,Kirvin,ikirvinp2@squarespace.com,Male,172.234.127.66
904,Cathrine,Behling,cbehlingp3@jimdo.com,Female,154.159.106.168
905,Aron,Gavagan,agavaganp4@cocolog-nifty.com,Non-binary,139.155.9.88
906,Logan,Erett,lerettp5@taobao.com,Male,252.230.187.168
907,Rodrigo,Winslow,rwinslowp6@163.com,Male,167.126.147.154
908,Joelly,Blees,jbleesp7@linkedin.com,Female,101.102.162.84
909,Cash,Mooney,cmooneyp8@merriam-webster.com,Male,161.95.146.234
910,Evelyn,McLaggan,emclagganp9@desdev.cn,Male,55.205.164.208
911,Francklin,Coronado,fcoronadopa@mysql.com,Male,31.28.239.176
912,Adore,Bullard,abullardpb@pen.io,Female,97.36.134.235
913,Tandi,O'Spillane,tospillanepc@bigcartel.com,Female,188.222.81.238
914,Leigh,Valance,lvalancepd@exblog.jp,Female,40.102.83.0
915,Franciskus,Clewes,fclewespe@patch.com,Male,34.228.108.200
916,Dionne,Drake,ddrakepf@issuu.com,Female,16.53.157.151
917,Breena,Stoaks,bstoakspg@jiathis.com,Female,206.95.254.71
918,Glenda,Janman,gjanmanph@amazon.com,Female,24.245.206.39
919,Donn,Pedrocchi,dpedrocchipi@tamu.edu,Male,211.142.163.218
920,Dory,Whiteley,dwhiteleypj@goodreads.com,Male,195.12.78.158
921,Lind,Iddison,liddisonpk@japanpost.jp,Female,164.51.82.201
922,Claretta,Salzen,csalzenpl@narod.ru,Genderqueer,40.35.53.247
923,Germaine,Loines,gloinespm@wikia.com,Female,36.180.30.202
924,Del,Hastwell,dhastwellpn@hugedomains.com,Female,103.196.114.188
925,Merv,Polye,mpolyepo@twitpic.com,Male,92.219.47.201
926,Merilyn,Rubke,mrubkepp@opera.com,Female,163.158.168.120
927,Brnaba,Garden,bgardenpq@amazon.com,Male,149.107.157.14
928,Nico,Gibbins,ngibbinspr@google.co.uk,Male,32.157.249.113
929,Broderick,Meenehan,bmeenehanps@marriott.com,Male,42.28.61.198
930,Kanya,Dane,kdanept@xrea.com,Female,198.69.246.233
931,Andy,Wellwood,awellwoodpu@myspace.com,Male,116.113.249.225
932,Alister,Coatham,acoathampv@hao123.com,Bigender,93.80.82.240
933,Alric,Farthing,afarthingpw@fc2.com,Male,94.200.19.109
934,Ardyth,Flawn,aflawnpx@shinystat.com,Female,214.191.176.190
935,Simone,Kerfut,skerfutpy@ft.com,Male,152.106.254.181
936,Magdalena,Petrowsky,mpetrowskypz@studiopress.com,Female,131.177.241.252
937,Gualterio,Wilderspoon,gwilderspoonq0@qq.com,Male,152.77.250.3
938,Collete,Sidney,csidneyq1@bigcartel.com,Female,125.249.30.152
939,Gabriel,Beales,gbealesq2@java.com,Male,92.242.252.254
940,Antonius,Cobby,acobbyq3@samsung.com,Male,185.4.27.146
941,Ashlie,Kornalik,akornalikq4@indiegogo.com,Female,243.200.145.72
942,Betty,Casari,bcasariq5@netvibes.com,Female,171.189.193.115
943,Krystle,Clere,kclereq6@yellowpages.com,Female,119.186.25.147
944,Talya,Gilphillan,tgilphillanq7@nytimes.com,Female,219.13.98.198
945,Valli,Buchett,vbuchettq8@angelfire.com,Female,225.50.55.45
946,Georgena,Botler,gbotlerq9@npr.org,Female,4.59.226.3
947,Wilmer,Floyed,wfloyedqa@hhs.gov,Male,44.125.166.172
948,Crawford,Tant,ctantqb@cbc.ca,Male,240.5.2.205
949,Dyann,Mairs,dmairsqc@google.com.br,Female,67.251.195.130
950,Leoline,Abbie,labbieqd@adobe.com,Female,199.192.76.65
951,Fraze,Parrington,fparringtonqe@is.gd,Genderqueer,79.126.35.27
952,Klemens,Dearsley,kdearsleyqf@rambler.ru,Male,59.114.88.38
953,Urbain,Kremer,ukremerqg@gnu.org,Male,136.239.250.32
954,Bord,Phant,bphantqh@gizmodo.com,Genderfluid,44.203.138.99
955,Dyann,Lightwing,dlightwingqi@tiny.cc,Female,181.198.67.119
956,Harlen,Barnshaw,hbarnshawqj@hubpages.com,Male,112.79.172.187
957,Kelsey,Isham,kishamqk@so-net.ne.jp,Male,83.146.175.181
958,Kimbra,Roelofsen,kroelofsenql@cmu.edu,Female,114.223.12.244
959,Adrien,Dee,adeeqm@pcworld.com,Male,191.187.30.76
960,Vidovik,Holsall,vholsallqn@desdev.cn,Male,252.200.225.52
961,Lawry,Kleynen,lkleynenqo@msn.com,Male,20.158.38.204
962,Felix,Baudins,fbaudinsqp@go.com,Non-binary,206.45.145.192
963,Marya,Archibald,marchibaldqq@webeden.co.uk,Female,94.84.30.76
964,Anya,Bonnet,abonnetqr@theglobeandmail.com,Female,191.224.69.192
965,Dicky,Emnoney,demnoneyqs@pinterest.com,Male,16.85.51.228
966,Aurore,Paladino,apaladinoqt@canalblog.com,Female,209.219.249.155
967,Hagen,Dorkin,hdorkinqu@bbc.co.uk,Male,4.10.215.203
968,Free,Ebbers,febbersqv@youtube.com,Male,216.246.7.196
969,Rorie,Dobie,rdobieqw@army.mil,Female,140.217.223.226
970,Quinton,Mitchinson,qmitchinsonqx@live.com,Male,122.71.234.82
971,Fran,Mays,fmaysqy@boston.com,Female,186.232.205.202
972,Jean,Greedier,jgreedierqz@noaa.gov,Female,178.196.83.81
973,Hew,Blew,hblewr0@yahoo.com,Male,184.202.173.181
974,Merrielle,Grzesiak,mgrzesiakr1@ebay.com,Female,62.15.239.178
975,Shirl,Addey,saddeyr2@google.fr,Female,204.113.202.169
976,Shaun,McKeighen,smckeighenr3@cocolog-nifty.com,Female,58.203.117.155
977,Chelsie,Jeacocke,cjeacocker4@cbsnews.com,Female,42.89.131.73
978,Vanny,Whitland,vwhitlandr5@webeden.co.uk,Female,112.231.178.40
979,Hans,Seawell,hseawellr6@sohu.com,Male,72.76.16.98
980,Ripley,Luckings,rluckingsr7@booking.com,Male,5.215.145.75
981,Aldrich,Lain,alainr8@patch.com,Male,97.114.130.14
982,Darell,Trenchard,dtrenchardr9@nymag.com,Female,126.79.65.112
983,Shellie,Delph,sdelphra@usgs.gov,Female,203.54.235.252
984,Pepe,Brugemann,pbrugemannrb@hao123.com,Male,249.184.71.13
985,Edgar,Jaye,ejayerc@seesaa.net,Male,18.47.149.113
986,Genny,Ewbanks,gewbanksrd@linkedin.com,Female,203.10.43.236
987,Nari,Sage,nsagere@t.co,Female,191.63.143.104
988,Marven,Wreiford,mwreifordrf@meetup.com,Male,231.177.214.171
989,Paulie,Sellar,psellarrg@godaddy.com,Male,226.221.163.124
990,Gaye,Maher,gmaherrh@youtube.com,Female,176.201.93.63
991,Bar,Bucher,bbucherri@youku.com,Male,185.175.228.120
992,Jayme,Beardsall,jbeardsallrj@mysql.com,Male,34.40.92.74
993,Weidar,Iveagh,wiveaghrk@github.io,Male,69.150.247.157
994,Axel,Cotta,acottarl@guardian.co.uk,Male,193.254.16.226
995,Sheppard,Kealy,skealyrm@jugem.jp,Male,19.5.99.20
996,Catina,Southall,csouthallrn@drupal.org,Female,174.18.159.3
997,Estrella,Touson,etousonro@shutterfly.com,Female,27.159.190.34
998,Allistir,Lanphere,alanphererp@tamu.edu,Male,188.140.89.38
999,Elsworth,O'Gaven,eogavenrq@zdnet.com,Male,2.234.243.35
1000,Alana,Josofovitz,ajosofovitzrr@unblog.fr,Female,37.92.240.21
